query,rank,document_id,similarity,document_preview
medical image classification,1,18971,0.44409149,The new RTS Environmental Classification system (RTS GLT) is designed for parties who are commissioning construction projects and who want to build in an environmentally responsible manner. The environmental classification system was develo
medical image classification,2,8527,0.36715366,History of maize classification. How races used in classification. Geographical distribution. Existing races of maize in Mexico.
medical image classification,3,19908,0.23365402,"Download League Of Legends Wallpapers in high-quality for your desktop and smart-phone in wide-screen and HD resolution. Right click on image, and select “Save Image as League Of Legends Wallpapers” to download image to your desktop, laptop"
medical image classification,4,15682,0.22600051,"- Group Image: Provided functionality of group's image, user can now view and change the group's image also. - Profile image: User can now set a profile image during sign up process. This is a great app! Love how it keeps history for limite"
medical image classification,5,8370,0.22058486,"What is a Online Medical Second Opinion? For over 25 years, patients and families have looked to We Care India for medical advice and treatment. Now you may consult with our world-renowned physicians from the comfort of your home utilizing "
transformer language model,1,27936,0.50048748,"hi, I am having problems with transformer / circuit board om my Hobby 720 uml model 2003. In view of the problems, can I bypass the transformer/circuit board ??"
transformer language model,2,25428,0.26749551,"Note: If you're on an iPhone, you cannot change the language of Facebook through the mobile app. Instead, Facebook uses whatever language your phone is set up to use, so to change it you have to pick a different language for your entire pho"
transformer language model,3,24482,0.20581191,"Harald, you are a co-owner of Language Partners. Are you a linguist yourself, and how did you get into this competitive line of business? No, I’m not a linguist; I am a historian and a business man. In 2004, my family and some other familie"
transformer language model,4,701,0.20160159,"Program in Teaching French as a Foreign Language was established in 1985 under the Department of Foreign Education. 2 full professors,3 assistant professors and 3 research assistant are currently working in the department. The Program in Te"
transformer language model,5,4289,0.19970598,"Commercial Building Properties, Commercial Buildings for rent in Main Road, Kakinada. G+2 Commercial Building in 62 Square Feet Area is Available For Rent. Furniture, Ac, Transformer, Generator & Two Wheeler Parking Facility is Available. F"
deep learning healthcare,1,11119,0.30779500,The opportunities offered by Big Data will only materialize when healthcare systems move beyond the mere collection of large amounts of data. Linkage of previously separated data sets and their analysis using appropriate Big Data analytics 
deep learning healthcare,2,11979,0.30725619,"Doctorate of Healthcare Organization Program is designed for the healthcare professionals who are working in healthcare organizations especially in hospitals or in clinics and who would like to broaden their knowledge, expand their expertis"
deep learning healthcare,3,6123,0.30591425,"With today’s advancement in technology, it is becoming more convenient than ever before to earn a Bachelor’s degree in a health-related field online. Some specializations, such as nutrition or public health, can be studied entirely online. "
deep learning healthcare,4,9252,0.29733922,"SAN DIEGO AND WASHINGTON, D.C. – Sept. 5, 2018 – West Health, a family of nonpartisan, nonprofit organizations focused on healthcare research, policy and philanthropy, has appointed Cristina Boccuti, MA, MPP, formerly of the Kaiser Family F"
deep learning healthcare,5,11777,0.24712216,"It is much cheaper (50–70% cheaper) to fly to Europe, the UAE and sometimes North America than it is to fly within the African continent. There’s a couple of challenges bundled in there. Visas and free movement of people are the subject of "
natural language processing,1,25428,0.37410930,"Note: If you're on an iPhone, you cannot change the language of Facebook through the mobile app. Instead, Facebook uses whatever language your phone is set up to use, so to change it you have to pick a different language for your entire pho"
natural language processing,2,8705,0.36901888,"These regulations may be called the Food Safety and Standards (Food Products Standards and Food Additives) Amendment Regulations, 2019. They shall come into force on the date of their publication in the Official Gazette. In the Food Safety "
natural language processing,3,24482,0.28784091,"Harald, you are a co-owner of Language Partners. Are you a linguist yourself, and how did you get into this competitive line of business? No, I’m not a linguist; I am a historian and a business man. In 2004, my family and some other familie"
natural language processing,4,701,0.28195250,"Program in Teaching French as a Foreign Language was established in 1985 under the Department of Foreign Education. 2 full professors,3 assistant professors and 3 research assistant are currently working in the department. The Program in Te"
natural language processing,5,4075,0.27672906,"Looking for Spanish language instructor to improve my reading, writing and speaking skills. We require the tutor to travel to our location at Gwal Pahari. A certification or degree in Spanish Language is preferred. The Spanish language inst"
computer vision medical diagnosis,1,21344,0.31660361,"Sometimes vision recovery is simple – a comprehensive examination determines a correctable diagnosis: glasses, medication, a surgical procedure. Sometimes recovery is elusive, but the caring and experienced team at Vision Recovery Center wi"
computer vision medical diagnosis,2,3820,0.30266051,"Computer has turn out to be essential in our life in this world of science and know-how. In case you are situated in and around the North London and Herts area, there are lots of computer restore, laptop restore, COMPUTER maintenance, Wired"
computer vision medical diagnosis,3,15116,0.29571174,"To reach new levels of security, safety, comfort and entertainment we need to embrace the idea of computer vision in the home, rather than shying away from the idea of sharing personal data. Computer vision allows computers/systems to under"
computer vision medical diagnosis,4,8370,0.25475765,"What is a Online Medical Second Opinion? For over 25 years, patients and families have looked to We Care India for medical advice and treatment. Now you may consult with our world-renowned physicians from the comfort of your home utilizing "
computer vision medical diagnosis,5,11159,0.23260933,"1. Experiencing Results – Every Growth Cycle SM starts with real world experience. Being open to the reality of our world, gathering information, paying attention to outcomes, and getting input and feedback from others are all part of exper"
neural network training,1,15336,0.28762296,I have often heard people saying that why convolutional neural networks are still poorly understood. Is it known why convolutional neural networks always end up learning increasingly sophisticated features as we go up the layers? What cause
neural network training,2,2610,0.21950129,"CTO offers a range of computer training courses in software used every day in your business. The training is presented from an Introduction to Intermediate and Advanced levels, and is available for individuals or groups. Your training is cu"
neural network training,3,3672,0.20693756,"Affordable Forklift Training and MEWP Training Specialist Training Your Staff on Your Machines in the familiar surroundings of their own workplace. We cover Hereford and Worcester, Wales The West Country and The West Midlands. We are based "
neural network training,4,10909,0.19393219,"James Neill, a Montreal-based kdb+ developer with First Derivatives, wrote a paper about how kdb+ can be used in machine learning techniques. James Neill works as a kdb+ consultant for one of the world’s largest investment banks developing "
neural network training,5,1543,0.17285701,"We will come to your facility to train your personnel in Redlands, CA. Our trainers have been providing California Forklift instructor training and certifying for over 15 years and have field experience in training operators of all types of"
